,file,folder,label
0,ambient_275_0.wav,fold0,0
1,ambient_230_0.wav,fold0,0
2,ambient_35_0.wav,fold0,0
3,ambient_1630_0.wav,fold0,0
4,ambient_70_0.wav,fold0,0
5,ambient_1675_0.wav,fold0,0
6,ambient_1045_0.wav,fold0,0
7,ambient_1000_0.wav,fold0,0
8,ambient_395_0.wav,fold0,0
9,ambient_1795_0.wav,fold0,0
10,ambient_400_0.wav,fold0,0
11,ambient_445_0.wav,fold0,0
12,ambient_310_0.wav,fold0,0
13,ambient_355_0.wav,fold0,0
14,ambient_1085_0.wav,fold0,0
15,ambient_485_0.wav,fold0,0
16,ambient_1755_0.wav,fold0,0
17,ambient_1710_0.wav,fold0,0
18,ambient_1120_0.wav,fold0,0
19,ambient_1165_0.wav,fold0,0
20,ambient_565_0.wav,fold0,0
21,ambient_520_0.wav,fold0,0
22,random-fall_70_1.wav,fold0,1
23,random-fall_35_1.wav,fold0,1
24,ambient_1470_0.wav,fold0,0
25,ambient_1435_0.wav,fold0,0
26,chair-fall_25_1.wav,fold0,1
27,chair-fall_60_1.wav,fold0,1
28,ambient_190_0.wav,fold0,0
29,ambient_1205_0.wav,fold0,0
30,ambient_1240_0.wav,fold0,0
31,quiet-fall_95_1.wav,fold0,1
32,ambient_640_0.wav,fold0,0
33,tap-fall_45_1.wav,fold0,1
34,ambient_605_0.wav,fold0,0
35,ambient_1590_0.wav,fold0,0
36,ambient_1280_0.wav,fold0,0
37,ambient_150_0.wav,fold0,0
38,ambient_115_0.wav,fold0,0
39,ambient_1515_0.wav,fold0,0
40,ambient_1550_0.wav,fold0,0
41,ambient_680_0.wav,fold0,0
42,tap-fall_85_1.wav,fold0,1
43,quiet-fall_55_1.wav,fold0,1
44,quiet-fall_10_1.wav,fold0,1
45,ambient_1360_0.wav,fold0,0
46,ambient_1325_0.wav,fold0,0
47,ambient_725_0.wav,fold0,0
48,ambient_760_0.wav,fold0,0
49,shower-fall_100_1.wav,fold0,1
50,ambient_1985_0.wav,fold0,0
51,drip-fall_95_1.wav,fold0,1
52,ambient_2560_0.wav,fold0,0
53,ambient_2525_0.wav,fold0,0
54,ambient_1820_0.wav,fold0,0
55,ambient_1865_0.wav,fold0,0
56,ambient_2315_0.wav,fold0,0
57,ambient_2350_0.wav,fold0,0
58,ambient_2480_0.wav,fold0,0
59,ambient_2390_0.wav,fold0,0
60,ambient_2405_0.wav,fold0,0
61,ambient_2440_0.wav,fold0,0
62,ambient_2270_0.wav,fold0,0
63,ambient_2235_0.wav,fold0,0
64,ambient_1945_0.wav,fold0,0
65,ambient_1900_0.wav,fold0,0
66,drip-fall_55_1.wav,fold0,1
67,drip-fall_10_1.wav,fold0,1
68,ambient_850_0.wav,fold0,0
69,ambient_815_0.wav,fold0,0
70,ambient_2720_0.wav,fold0,0
71,talk-fall_90_1.wav,fold0,1
72,shower-fall_35_1.wav,fold0,1
73,shower-fall_70_1.wav,fold0,1
74,water-fall_85_1.wav,fold0,1
75,ambient_2155_0.wav,fold0,0
76,ambient_2110_0.wav,fold0,0
77,ambient_2685_0.wav,fold0,0
78,ambient-fall_85_1.wav,fold0,1
79,fan-fall_75_1.wav,fold0,1
80,fan-fall_30_1.wav,fold0,1
81,ambient_935_0.wav,fold0,0
82,ambient_2195_0.wav,fold0,0
83,ambient_970_0.wav,fold0,0
84,water-fall_45_1.wav,fold0,1
85,talk-fall_50_1.wav,fold0,1
86,talk-fall_15_1.wav,fold0,1
87,ambient_2645_0.wav,fold0,0
88,ambient_2600_0.wav,fold0,0
89,ambient-fall_45_1.wav,fold0,1
90,ambient_890_0.wav,fold0,0
91,ambient_2030_0.wav,fold0,0
92,ambient_2075_0.wav,fold0,0
93,ambient_2250_0.wav,fold0,0
94,ambient_2215_0.wav,fold0,0
95,ambient_1965_0.wav,fold0,0
96,ambient_1920_0.wav,fold0,0
97,drip-fall_75_1.wav,fold0,1
98,drip-fall_30_1.wav,fold0,1
99,ambient_2580_0.wav,fold0,0
100,ambient_1885_0.wav,fold0,0
101,ambient_2425_0.wav,fold0,0
102,ambient_2460_0.wav,fold0,0
103,ambient_1800_0.wav,fold0,0
104,ambient_1845_0.wav,fold0,0
105,ambient_2335_0.wav,fold0,0
106,ambient_2370_0.wav,fold0,0
107,ambient_2290_0.wav,fold0,0
108,ambient_2540_0.wav,fold0,0
109,ambient_2505_0.wav,fold0,0
110,ambient_2010_0.wav,fold0,0
111,ambient_2055_0.wav,fold0,0
112,water-fall_65_1.wav,fold0,1
113,water-fall_20_1.wav,fold0,1
114,talk-fall_70_1.wav,fold0,1
115,shower-fall_90_1.wav,fold0,1
116,talk-fall_35_1.wav,fold0,1
117,ambient_915_0.wav,fold0,0
118,ambient_950_0.wav,fold0,0
119,fan-fall_95_1.wav,fold0,1
120,ambient_2665_0.wav,fold0,0
121,ambient-fall_20_1.wav,fold0,1
122,ambient-fall_65_1.wav,fold0,1
123,ambient_2620_0.wav,fold0,0
124,ambient_2175_0.wav,fold0,0
125,ambient_990_0.wav,fold0,0
126,ambient_2130_0.wav,fold0,0
127,shower-fall_15_1.wav,fold0,1
128,shower-fall_50_1.wav,fold0,1
129,fan-fall_55_1.wav,fold0,1
130,fan-fall_10_1.wav,fold0,1
131,random-fall_100_1.wav,fold0,1
132,ambient_870_0.wav,fold0,0
133,ambient_835_0.wav,fold0,0
134,ambient_2095_0.wav,fold0,0
135,ambient_2700_0.wav,fold0,0
136,ambient_2745_0.wav,fold0,0
137,ambient_295_0.wav,fold0,0
138,ambient_1100_0.wav,fold0,0
139,ambient_1145_0.wav,fold0,0
140,ambient_545_0.wav,fold0,0
141,ambient_500_0.wav,fold0,0
142,random-fall_50_1.wav,fold0,1
143,random-fall_15_1.wav,fold0,1
144,ambient_90_0.wav,fold0,0
145,ambient_1695_0.wav,fold0,0
146,ambient_330_0.wav,fold0,0
147,ambient_375_0.wav,fold0,0
148,ambient_1775_0.wav,fold0,0
149,ambient_1730_0.wav,fold0,0
150,ambient_1065_0.wav,fold0,0
151,ambient_1020_0.wav,fold0,0
152,ambient_420_0.wav,fold0,0
153,ambient_465_0.wav,fold0,0
154,ambient_1185_0.wav,fold0,0
155,ambient_255_0.wav,fold0,0
156,ambient_210_0.wav,fold0,0
157,ambient_15_0.wav,fold0,0
158,random-fall_90_1.wav,fold0,1
159,tap-fall_5_1.wav,fold0,1
160,ambient_1610_0.wav,fold0,0
161,ambient_50_0.wav,fold0,0
162,ambient_1655_0.wav,fold0,0
163,ambient_585_0.wav,fold0,0
164,ambient_1340_0.wav,fold0,0
165,ambient_1305_0.wav,fold0,0
166,drip-fall_100_1.wav,fold0,1
167,ambient_1490_0.wav,fold0,0
168,ambient_705_0.wav,fold0,0
169,ambient_740_0.wav,fold0,0
170,chair-fall_80_1.wav,fold0,1
171,ambient_170_0.wav,fold0,0
172,ambient_135_0.wav,fold0,0
173,quiet-fall_75_1.wav,fold0,1
174,quiet-fall_30_1.wav,fold0,1
175,ambient_1535_0.wav,fold0,0
176,ambient_1570_0.wav,fold0,0
177,ambient_1225_0.wav,fold0,0
178,ambient_1260_0.wav,fold0,0
179,tap-fall_20_1.wav,fold0,1
180,ambient_660_0.wav,fold0,0
181,ambient_625_0.wav,fold0,0
182,tap-fall_65_1.wav,fold0,1
183,ambient_1380_0.wav,fold0,0
184,chair-fall_40_1.wav,fold0,1
185,ambient_780_0.wav,fold0,0
186,ambient_1450_0.wav,fold0,0
187,ambient_1415_0.wav,fold0,0
188,fan-fall_15_1.wav,fold0,1
189,fan-fall_50_1.wav,fold0,1
190,ambient_995_0.wav,fold0,0
191,ambient_2135_0.wav,fold0,0
192,ambient_2170_0.wav,fold0,0
193,shower-fall_55_1.wav,fold0,1
194,shower-fall_10_1.wav,fold0,1
195,ambient_2740_0.wav,fold0,0
196,ambient_2705_0.wav,fold0,0
197,ambient_830_0.wav,fold0,0
198,ambient_2090_0.wav,fold0,0
199,ambient_875_0.wav,fold0,0
200,tap-fall_100_1.wav,fold0,1
201,ambient_2050_0.wav,fold0,0
202,ambient_2015_0.wav,fold0,0
203,fan-fall_90_1.wav,fold0,1
204,ambient-fall_60_1.wav,fold0,1
205,ambient_2625_0.wav,fold0,0
206,ambient_2660_0.wav,fold0,0
207,ambient-fall_25_1.wav,fold0,1
208,water-fall_25_1.wav,fold0,1
209,water-fall_60_1.wav,fold0,1
210,talk-fall_30_1.wav,fold0,1
211,shower-fall_95_1.wav,fold0,1
212,talk-fall_75_1.wav,fold0,1
213,ambient_955_0.wav,fold0,0
214,ambient_910_0.wav,fold0,0
215,ambient_1840_0.wav,fold0,0
216,ambient_1805_0.wav,fold0,0
217,ambient_2375_0.wav,fold0,0
218,ambient_2330_0.wav,fold0,0
219,ambient_2500_0.wav,fold0,0
220,ambient_2545_0.wav,fold0,0
221,ambient_2295_0.wav,fold0,0
222,drip-fall_35_1.wav,fold0,1
223,drip-fall_5_1.wav,fold0,1
224,drip-fall_70_1.wav,fold0,1
225,ambient_2585_0.wav,fold0,0
226,ambient_2210_0.wav,fold0,0
227,ambient_2255_0.wav,fold0,0
228,ambient_1925_0.wav,fold0,0
229,ambient_1960_0.wav,fold0,0
230,ambient_2465_0.wav,fold0,0
231,ambient_2420_0.wav,fold0,0
232,ambient_1880_0.wav,fold0,0
233,ambient_620_0.wav,fold0,0
234,tap-fall_60_1.wav,fold0,1
235,tap-fall_25_1.wav,fold0,1
236,ambient_665_0.wav,fold0,0
237,ambient_1265_0.wav,fold0,0
238,ambient_1220_0.wav,fold0,0
239,chair-fall_45_1.wav,fold0,1
240,ambient_785_0.wav,fold0,0
241,ambient_1410_0.wav,fold0,0
242,ambient_1455_0.wav,fold0,0
243,ambient_1385_0.wav,fold0,0
244,ambient_1495_0.wav,fold0,0
245,ambient_745_0.wav,fold0,0
246,ambient_700_0.wav,fold0,0
247,chair-fall_85_1.wav,fold0,1
248,ambient_1300_0.wav,fold0,0
249,ambient_1345_0.wav,fold0,0
250,quiet-fall_35_1.wav,fold0,1
251,quiet-fall_70_1.wav,fold0,1
252,ambient_1575_0.wav,fold0,0
253,ambient_1530_0.wav,fold0,0
254,ambient_130_0.wav,fold0,0
255,ambient_175_0.wav,fold0,0
256,ambient_460_0.wav,fold0,0
257,ambient_425_0.wav,fold0,0
258,ambient_1025_0.wav,fold0,0
259,ambient_1060_0.wav,fold0,0
260,ambient_55_0.wav,fold0,0
261,ambient_1650_0.wav,fold0,0
262,random-fall_95_1.wav,fold0,1
263,ambient_10_0.wav,fold0,0
264,ambient_1615_0.wav,fold0,0
265,ambient_580_0.wav,fold0,0
266,ambient_1180_0.wav,fold0,0
267,ambient_215_0.wav,fold0,0
268,ambient_250_0.wav,fold0,0
269,ambient_505_0.wav,fold0,0
270,ambient_540_0.wav,fold0,0
271,ambient_95_0.wav,fold0,0
272,random-fall_10_1.wav,fold0,1
273,ambient_1690_0.wav,fold0,0
274,random-fall_55_1.wav,fold0,1
275,ambient_290_0.wav,fold0,0
276,ambient_1140_0.wav,fold0,0
277,ambient_1105_0.wav,fold0,0
278,ambient_1735_0.wav,fold0,0
279,ambient_1770_0.wav,fold0,0
280,ambient_370_0.wav,fold0,0
281,ambient_335_0.wav,fold0,0
282,ambient_5_0.wav,fold0,0
283,ambient_1555_0.wav,fold0,0
284,ambient_1510_0.wav,fold0,0
285,tap-fall_80_1.wav,fold0,1
286,ambient_685_0.wav,fold0,0
287,quiet-fall_15_1.wav,fold0,1
288,quiet-fall_50_1.wav,fold0,1
289,ambient_1285_0.wav,fold0,0
290,ambient_110_0.wav,fold0,0
291,ambient_155_0.wav,fold0,0
292,ambient_765_0.wav,fold0,0
293,ambient_720_0.wav,fold0,0
294,ambient_1320_0.wav,fold0,0
295,ambient_1365_0.wav,fold0,0
296,ambient_1430_0.wav,fold0,0
297,ambient_1475_0.wav,fold0,0
298,chair-fall_65_1.wav,fold0,1
299,chair-fall_20_1.wav,fold0,1
300,talk-fall_100_1.wav,fold0,1
301,quiet-fall_90_1.wav,fold0,1
302,tap-fall_40_1.wav,fold0,1
303,ambient_600_0.wav,fold0,0
304,ambient_645_0.wav,fold0,0
305,ambient_1595_0.wav,fold0,0
306,ambient_195_0.wav,fold0,0
307,ambient_1245_0.wav,fold0,0
308,ambient_1200_0.wav,fold0,0
309,ambient_480_0.wav,fold0,0
310,ambient_1715_0.wav,fold0,0
311,ambient_1750_0.wav,fold0,0
312,fan-fall_100_1.wav,fold0,1
313,ambient_350_0.wav,fold0,0
314,ambient_315_0.wav,fold0,0
315,ambient_1080_0.wav,fold0,0
316,ambient_525_0.wav,fold0,0
317,ambient_560_0.wav,fold0,0
318,random-fall_30_1.wav,fold0,1
319,random-fall_75_1.wav,fold0,1
320,talk-fall_5_1.wav,fold0,1
321,ambient_1160_0.wav,fold0,0
322,ambient_1125_0.wav,fold0,0
323,ambient_75_0.wav,fold0,0
324,ambient_1670_0.wav,fold0,0
325,ambient_30_0.wav,fold0,0
326,ambient_1635_0.wav,fold0,0
327,ambient_235_0.wav,fold0,0
328,ambient_270_0.wav,fold0,0
329,ambient_1790_0.wav,fold0,0
330,ambient_440_0.wav,fold0,0
331,ambient_405_0.wav,fold0,0
332,ambient_1005_0.wav,fold0,0
333,ambient_1040_0.wav,fold0,0
334,ambient_390_0.wav,fold0,0
335,ambient_2605_0.wav,fold0,0
336,ambient-fall_40_1.wav,fold0,1
337,ambient_2640_0.wav,fold0,0
338,ambient_975_0.wav,fold0,0
339,ambient_930_0.wav,fold0,0
340,ambient_2190_0.wav,fold0,0
341,water-fall_40_1.wav,fold0,1
342,talk-fall_10_1.wav,fold0,1
343,talk-fall_55_1.wav,fold0,1
344,ambient_2070_0.wav,fold0,0
345,ambient_895_0.wav,fold0,0
346,ambient_2035_0.wav,fold0,0
347,ambient_2725_0.wav,fold0,0
348,ambient_810_0.wav,fold0,0
349,ambient_855_0.wav,fold0,0
350,ambient-fall_80_1.wav,fold0,1
351,ambient_2680_0.wav,fold0,0
352,fan-fall_35_1.wav,fold0,1
353,fan-fall_70_1.wav,fold0,1
354,shower-fall_75_1.wav,fold0,1
355,shower-fall_30_1.wav,fold0,1
356,talk-fall_95_1.wav,fold0,1
357,water-fall_80_1.wav,fold0,1
358,ambient_2115_0.wav,fold0,0
359,ambient_2150_0.wav,fold0,0
360,ambient_2445_0.wav,fold0,0
361,ambient_2400_0.wav,fold0,0
362,ambient_2395_0.wav,fold0,0
363,drip-fall_15_1.wav,fold0,1
364,drip-fall_50_1.wav,fold0,1
365,ambient_2230_0.wav,fold0,0
366,ambient_2275_0.wav,fold0,0
367,ambient_1905_0.wav,fold0,0
368,ambient_1940_0.wav,fold0,0
369,drip-fall_90_1.wav,fold0,1
370,ambient_2520_0.wav,fold0,0
371,ambient_2565_0.wav,fold0,0
372,ambient_1980_0.wav,fold0,0
373,ambient_2485_0.wav,fold0,0
374,ambient_1860_0.wav,fold0,0
375,ambient_1825_0.wav,fold0,0
376,ambient_2355_0.wav,fold0,0
377,ambient_2310_0.wav,fold0,0
378,fan-fall_65_1.wav,fold0,1
379,fan-fall_20_1.wav,fold0,1
380,ambient_2695_0.wav,fold0,0
381,ambient-fall_95_1.wav,fold0,1
382,water-fall_95_1.wav,fold0,1
383,talk-fall_80_1.wav,fold0,1
384,shower-fall_25_1.wav,fold0,1
385,shower-fall_60_1.wav,fold0,1
386,ambient_2145_0.wav,fold0,0
387,ambient_2100_0.wav,fold0,0
388,ambient_2730_0.wav,fold0,0
389,ambient_840_0.wav,fold0,0
390,ambient_805_0.wav,fold0,0
391,quiet-fall_100_1.wav,fold0,1
392,ambient_880_0.wav,fold0,0
393,ambient_2020_0.wav,fold0,0
394,ambient_2065_0.wav,fold0,0
395,ambient-fall_10_1.wav,fold0,1
396,ambient_2655_0.wav,fold0,0
397,ambient_2610_0.wav,fold0,0
398,ambient-fall_55_1.wav,fold0,1
399,ambient_925_0.wav,fold0,0
400,ambient_2185_0.wav,fold0,0
401,ambient_960_0.wav,fold0,0
402,talk-fall_40_1.wav,fold0,1
403,random-fall_5_1.wav,fold0,1
404,water-fall_55_1.wav,fold0,1
405,water-fall_10_1.wav,fold0,1
406,ambient_2490_0.wav,fold0,0
407,ambient_2305_0.wav,fold0,0
408,ambient_2340_0.wav,fold0,0
409,ambient_1830_0.wav,fold0,0
410,ambient_1875_0.wav,fold0,0
411,drip-fall_85_1.wav,fold0,1
412,ambient_2570_0.wav,fold0,0
413,ambient_2535_0.wav,fold0,0
414,ambient_1995_0.wav,fold0,0
415,drip-fall_45_1.wav,fold0,1
416,ambient_1955_0.wav,fold0,0
417,ambient_1910_0.wav,fold0,0
418,ambient_2260_0.wav,fold0,0
419,ambient_2225_0.wav,fold0,0
420,ambient_2415_0.wav,fold0,0
421,ambient_2450_0.wav,fold0,0
422,ambient_2380_0.wav,fold0,0
423,quiet-fall_85_1.wav,fold0,1
424,ambient_1580_0.wav,fold0,0
425,ambient_650_0.wav,fold0,0
426,tap-fall_10_1.wav,fold0,1
427,tap-fall_55_1.wav,fold0,1
428,ambient_615_0.wav,fold0,0
429,ambient_1215_0.wav,fold0,0
430,ambient_1250_0.wav,fold0,0
431,ambient_180_0.wav,fold0,0
432,ambient_1460_0.wav,fold0,0
433,ambient_1425_0.wav,fold0,0
434,chair-fall_35_1.wav,fold0,1
435,chair-fall_70_1.wav,fold0,1
436,ambient_735_0.wav,fold0,0
437,ambient_770_0.wav,fold0,0
438,ambient_1370_0.wav,fold0,0
439,ambient_1335_0.wav,fold0,0
440,ambient_690_0.wav,fold0,0
441,tap-fall_95_1.wav,fold0,1
442,ambient_1505_0.wav,fold0,0
443,ambient_1540_0.wav,fold0,0
444,quiet-fall_45_1.wav,fold0,1
445,ambient_140_0.wav,fold0,0
446,ambient_105_0.wav,fold0,0
447,ambient_1290_0.wav,fold0,0
448,ambient_410_0.wav,fold0,0
449,ambient_455_0.wav,fold0,0
450,ambient_1785_0.wav,fold0,0
451,ambient_385_0.wav,fold0,0
452,ambient_1055_0.wav,fold0,0
453,ambient_1010_0.wav,fold0,0
454,ambient_25_0.wav,fold0,0
455,ambient_1620_0.wav,fold0,0
456,ambient_60_0.wav,fold0,0
457,ambient_1665_0.wav,fold0,0
458,ambient_265_0.wav,fold0,0
459,ambient_220_0.wav,fold0,0
460,random-fall_60_1.wav,fold0,1
461,random-fall_25_1.wav,fold0,1
462,ambient_575_0.wav,fold0,0
463,ambient_530_0.wav,fold0,0
464,ambient_1130_0.wav,fold0,0
465,ambient_1175_0.wav,fold0,0
466,ambient_1745_0.wav,fold0,0
467,ambient_1700_0.wav,fold0,0
468,ambient_495_0.wav,fold0,0
469,ambient_1095_0.wav,fold0,0
470,ambient_300_0.wav,fold0,0
471,ambient_345_0.wav,fold0,0
472,quiet-fall_65_1.wav,fold0,1
473,quiet-fall_20_1.wav,fold0,1
474,ambient_1525_0.wav,fold0,0
475,ambient_1560_0.wav,fold0,0
476,ambient_160_0.wav,fold0,0
477,ambient_125_0.wav,fold0,0
478,ambient_715_0.wav,fold0,0
479,ambient_750_0.wav,fold0,0
480,ambient_1480_0.wav,fold0,0
481,chair-fall_90_1.wav,fold0,1
482,ambient_1350_0.wav,fold0,0
483,ambient_1315_0.wav,fold0,0
484,chair-fall_15_1.wav,fold0,1
485,chair-fall_50_1.wav,fold0,1
486,ambient_1440_0.wav,fold0,0
487,ambient_1405_0.wav,fold0,0
488,ambient_790_0.wav,fold0,0
489,ambient_1390_0.wav,fold0,0
490,tap-fall_30_1.wav,fold0,1
491,ambient_670_0.wav,fold0,0
492,ambient_635_0.wav,fold0,0
493,tap-fall_75_1.wav,fold0,1
494,ambient_1235_0.wav,fold0,0
495,ambient_1270_0.wav,fold0,0
496,ambient_1765_0.wav,fold0,0
497,ambient_1720_0.wav,fold0,0
498,ambient_320_0.wav,fold0,0
499,ambient_365_0.wav,fold0,0
500,random-fall_40_1.wav,fold0,1
501,ambient_80_0.wav,fold0,0
502,ambient_1685_0.wav,fold0,0
503,ambient_555_0.wav,fold0,0
504,ambient_510_0.wav,fold0,0
505,ambient_1110_0.wav,fold0,0
506,ambient_1155_0.wav,fold0,0
507,ambient_285_0.wav,fold0,0
508,ambient_595_0.wav,fold0,0
509,random-fall_80_1.wav,fold0,1
510,ambient_1600_0.wav,fold0,0
511,ambient_40_0.wav,fold0,0
512,ambient_1645_0.wav,fold0,0
513,ambient_245_0.wav,fold0,0
514,ambient_200_0.wav,fold0,0
515,ambient_1195_0.wav,fold0,0
516,ambient-fall_100_1.wav,fold0,1
517,ambient_430_0.wav,fold0,0
518,ambient_475_0.wav,fold0,0
519,ambient_1075_0.wav,fold0,0
520,ambient_1030_0.wav,fold0,0
521,ambient_2675_0.wav,fold0,0
522,ambient-fall_30_1.wav,fold0,1
523,ambient-fall_75_1.wav,fold0,1
524,ambient_2630_0.wav,fold0,0
525,fan-fall_85_1.wav,fold0,1
526,talk-fall_60_1.wav,fold0,1
527,shower-fall_80_1.wav,fold0,1
528,talk-fall_25_1.wav,fold0,1
529,water-fall_75_1.wav,fold0,1
530,water-fall_30_1.wav,fold0,1
531,ambient_905_0.wav,fold0,0
532,ambient_940_0.wav,fold0,0
533,ambient_2000_0.wav,fold0,0
534,ambient_2045_0.wav,fold0,0
535,ambient_2710_0.wav,fold0,0
536,ambient_860_0.wav,fold0,0
537,ambient_825_0.wav,fold0,0
538,ambient_2085_0.wav,fold0,0
539,fan-fall_45_1.wav,fold0,1
540,ambient_2165_0.wav,fold0,0
541,ambient_980_0.wav,fold0,0
542,ambient_2120_0.wav,fold0,0
543,shower-fall_40_1.wav,fold0,1
544,ambient_2435_0.wav,fold0,0
545,ambient_2470_0.wav,fold0,0
546,ambient_1895_0.wav,fold0,0
547,drip-fall_65_1.wav,fold0,1
548,drip-fall_20_1.wav,fold0,1
549,ambient_2590_0.wav,fold0,0
550,ambient_1975_0.wav,fold0,0
551,ambient_1930_0.wav,fold0,0
552,ambient_2240_0.wav,fold0,0
553,ambient_2205_0.wav,fold0,0
554,ambient_2550_0.wav,fold0,0
555,ambient_2515_0.wav,fold0,0
556,ambient_2280_0.wav,fold0,0
557,ambient_2325_0.wav,fold0,0
558,ambient_2360_0.wav,fold0,0
559,ambient_1810_0.wav,fold0,0
560,ambient_1855_0.wav,fold0,0
561,ambient_205_0.wav,fold0,0
562,ambient_240_0.wav,fold0,0
563,ambient_1190_0.wav,fold0,0
564,ambient_590_0.wav,fold0,0
565,ambient_45_0.wav,fold0,0
566,ambient_1640_0.wav,fold0,0
567,random-fall_85_1.wav,fold0,1
568,ambient_1605_0.wav,fold0,0
569,ambient_1035_0.wav,fold0,0
570,ambient_1070_0.wav,fold0,0
571,ambient-fall_5_1.wav,fold0,1
572,ambient_470_0.wav,fold0,0
573,ambient_435_0.wav,fold0,0
574,chair-fall_5_1.wav,fold0,1
575,ambient_360_0.wav,fold0,0
576,ambient_325_0.wav,fold0,0
577,ambient_1725_0.wav,fold0,0
578,ambient_1760_0.wav,fold0,0
579,shower-fall_5_1.wav,fold0,1
580,quiet-fall_5_1.wav,fold0,1
581,ambient_1150_0.wav,fold0,0
582,ambient_1115_0.wav,fold0,0
583,ambient_280_0.wav,fold0,0
584,ambient_85_0.wav,fold0,0
585,ambient_1680_0.wav,fold0,0
586,random-fall_45_1.wav,fold0,1
587,ambient_515_0.wav,fold0,0
588,ambient_550_0.wav,fold0,0
589,ambient_1395_0.wav,fold0,0
590,chair-fall_55_1.wav,fold0,1
591,chair-fall_10_1.wav,fold0,1
592,ambient_1400_0.wav,fold0,0
593,ambient_1445_0.wav,fold0,0
594,ambient_795_0.wav,fold0,0
595,ambient_1275_0.wav,fold0,0
596,ambient_1230_0.wav,fold0,0
597,ambient_630_0.wav,fold0,0
598,tap-fall_70_1.wav,fold0,1
599,tap-fall_35_1.wav,fold0,1
600,ambient_675_0.wav,fold0,0
601,ambient_120_0.wav,fold0,0
602,ambient_165_0.wav,fold0,0
603,water-fall_100_1.wav,fold0,1
604,quiet-fall_25_1.wav,fold0,1
605,quiet-fall_60_1.wav,fold0,1
606,ambient_1565_0.wav,fold0,0
607,ambient_1520_0.wav,fold0,0
608,ambient_1310_0.wav,fold0,0
609,ambient_1355_0.wav,fold0,0
610,ambient_755_0.wav,fold0,0
611,ambient_710_0.wav,fold0,0
612,ambient_1485_0.wav,fold0,0
613,chair-fall_95_1.wav,fold0,1
614,ambient_2285_0.wav,fold0,0
615,ambient_2510_0.wav,fold0,0
616,ambient_2555_0.wav,fold0,0
617,ambient_2365_0.wav,fold0,0
618,ambient_2320_0.wav,fold0,0
619,ambient_1850_0.wav,fold0,0
620,ambient_1815_0.wav,fold0,0
621,fan-fall_5_1.wav,fold0,1
622,ambient_1890_0.wav,fold0,0
623,ambient_2475_0.wav,fold0,0
624,ambient_2430_0.wav,fold0,0
625,ambient_1935_0.wav,fold0,0
626,ambient_1970_0.wav,fold0,0
627,ambient_2200_0.wav,fold0,0
628,ambient_2245_0.wav,fold0,0
629,drip-fall_25_1.wav,fold0,1
630,drip-fall_60_1.wav,fold0,1
631,ambient_2595_0.wav,fold0,0
632,ambient_820_0.wav,fold0,0
633,ambient_2080_0.wav,fold0,0
634,ambient_865_0.wav,fold0,0
635,ambient_2715_0.wav,fold0,0
636,ambient_985_0.wav,fold0,0
637,ambient_2125_0.wav,fold0,0
638,ambient_2160_0.wav,fold0,0
639,shower-fall_45_1.wav,fold0,1
640,fan-fall_40_1.wav,fold0,1
641,talk-fall_20_1.wav,fold0,1
642,shower-fall_85_1.wav,fold0,1
643,talk-fall_65_1.wav,fold0,1
644,water-fall_35_1.wav,fold0,1
645,water-fall_70_1.wav,fold0,1
646,ambient_945_0.wav,fold0,0
647,ambient_900_0.wav,fold0,0
648,ambient-fall_70_1.wav,fold0,1
649,ambient_2635_0.wav,fold0,0
650,ambient_2670_0.wav,fold0,0
651,ambient-fall_35_1.wav,fold0,1
652,fan-fall_80_1.wav,fold0,1
653,ambient_2040_0.wav,fold0,0
654,ambient_2005_0.wav,fold0,0
655,ambient_1915_0.wav,fold0,0
656,ambient_1950_0.wav,fold0,0
657,ambient_2220_0.wav,fold0,0
658,ambient_2265_0.wav,fold0,0
659,drip-fall_40_1.wav,fold0,1
660,ambient_2385_0.wav,fold0,0
661,ambient_2455_0.wav,fold0,0
662,ambient_2410_0.wav,fold0,0
663,ambient_2345_0.wav,fold0,0
664,ambient_2300_0.wav,fold0,0
665,ambient_1870_0.wav,fold0,0
666,ambient_1835_0.wav,fold0,0
667,ambient_2495_0.wav,fold0,0
668,water-fall_5_1.wav,fold0,1
669,ambient_1990_0.wav,fold0,0
670,drip-fall_80_1.wav,fold0,1
671,ambient_2530_0.wav,fold0,0
672,ambient_2575_0.wav,fold0,0
673,ambient_2060_0.wav,fold0,0
674,ambient_885_0.wav,fold0,0
675,ambient_2025_0.wav,fold0,0
676,ambient_965_0.wav,fold0,0
677,ambient_920_0.wav,fold0,0
678,ambient_2180_0.wav,fold0,0
679,talk-fall_45_1.wav,fold0,1
680,water-fall_15_1.wav,fold0,1
681,water-fall_50_1.wav,fold0,1
682,ambient_2615_0.wav,fold0,0
683,ambient-fall_50_1.wav,fold0,1
684,ambient-fall_15_1.wav,fold0,1
685,ambient_2650_0.wav,fold0,0
686,water-fall_90_1.wav,fold0,1
687,shower-fall_65_1.wav,fold0,1
688,shower-fall_20_1.wav,fold0,1
689,talk-fall_85_1.wav,fold0,1
690,ambient_2105_0.wav,fold0,0
691,ambient_2140_0.wav,fold0,0
692,fan-fall_25_1.wav,fold0,1
693,fan-fall_60_1.wav,fold0,1
694,ambient-fall_90_1.wav,fold0,1
695,ambient_2690_0.wav,fold0,0
696,ambient_800_0.wav,fold0,0
697,ambient_845_0.wav,fold0,0
698,ambient_2735_0.wav,fold0,0
699,ambient_1170_0.wav,fold0,0
700,ambient_1135_0.wav,fold0,0
701,random-fall_20_1.wav,fold0,1
702,random-fall_65_1.wav,fold0,1
703,ambient_535_0.wav,fold0,0
704,ambient_570_0.wav,fold0,0
705,ambient_1090_0.wav,fold0,0
706,ambient_340_0.wav,fold0,0
707,ambient_305_0.wav,fold0,0
708,ambient_1705_0.wav,fold0,0
709,ambient_1740_0.wav,fold0,0
710,ambient_490_0.wav,fold0,0
711,ambient_380_0.wav,fold0,0
712,ambient_1015_0.wav,fold0,0
713,ambient_1050_0.wav,fold0,0
714,ambient_450_0.wav,fold0,0
715,ambient_415_0.wav,fold0,0
716,ambient_1780_0.wav,fold0,0
717,ambient_225_0.wav,fold0,0
718,ambient_260_0.wav,fold0,0
719,ambient_65_0.wav,fold0,0
720,ambient_1660_0.wav,fold0,0
721,ambient_20_0.wav,fold0,0
722,ambient_1625_0.wav,fold0,0
723,ambient_1330_0.wav,fold0,0
724,ambient_1375_0.wav,fold0,0
725,chair-fall_100_1.wav,fold0,1
726,ambient_775_0.wav,fold0,0
727,ambient_730_0.wav,fold0,0
728,ambient_100_0.wav,fold0,0
729,ambient_145_0.wav,fold0,0
730,ambient_1295_0.wav,fold0,0
731,tap-fall_90_1.wav,fold0,1
732,ambient_695_0.wav,fold0,0
733,ambient_1545_0.wav,fold0,0
734,ambient_1500_0.wav,fold0,0
735,quiet-fall_40_1.wav,fold0,1
736,ambient_1255_0.wav,fold0,0
737,ambient_1210_0.wav,fold0,0
738,ambient_185_0.wav,fold0,0
739,quiet-fall_80_1.wav,fold0,1
740,ambient_1585_0.wav,fold0,0
741,tap-fall_50_1.wav,fold0,1
742,ambient_610_0.wav,fold0,0
743,ambient_655_0.wav,fold0,0
744,tap-fall_15_1.wav,fold0,1
745,ambient_1420_0.wav,fold0,0
746,ambient_1465_0.wav,fold0,0
747,chair-fall_75_1.wav,fold0,1
748,chair-fall_30_1.wav,fold0,1
